{"fairness": 0.6975168514894542, "support": 0.7079469845223268, "material": 0.6785248733308352, "fun": 0.6574287067679123, "comprehensibility": 0.715298044470915, "interesting": 0.6874536201532219, "grade_effort": 0.6362874704403182}