{"fairness": 0.7059454454116715, "support": 0.7075272567839378, "material": 0.6677412527681607, "fun": 0.6441267266740631, "comprehensibility": 0.7237110234495153, "interesting": 0.675398825632674, "grade_effort": 0.6432137304901205}